"target_1",1,65536
"target_1",2,65536
"target_1",3,65536
"target_1",4,65536
"target_1",5,65536
"target_1",6,65536
"target_1",7,65536
"target_1",8,65536
"target_1",9,65536
"target_1",10,65536
"target_1",11,65536
"target_1",12,65536
"target_1",13,65536
"target_1",14,65536
"target_1",15,65536
"target_1",17,65536
"target_1",16,65536
"target_1",18,65536
"target_1",20,65536
"target_1",19,23
"target_1",21,7
"target_1",22,65536
"target_1",23,65536
"target_1",24,14
"target_1",25,65536
"target_1",26,65536
"target_1",27,16344
"target_1",29,65536
"target_1",28,65536
"target_1",30,49216
"target_1",31,65524
"target_1",32,65524
"target_1",33,65536
"target_1",34,16
"target_1",35,65536
"target_1",36,16
"target_1",37,65536
"target_1",38,16
"target_1",39,65524
"target_1",40,11
"target_1",41,65513
"target_1",42,7
"target_1",43,65517
"target_1",44,3
"target_1",45,65521
"target_1",46,27
"target_1",47,65525
"target_1",48,65536
"target_1",49,16
"target_1",50,19
"target_1",51,65533
"target_1",52,65536
"target_1",53,65512
"target_1",54,65524
"target_1",55,65524
"target_1",56,27
"target_1",57,65525
"target_1",58,65536
"target_1",59,16
"target_1",60,65536
"target_1",61,16
"target_1",62,65524
"target_1",63,65524
"target_1",64,7
"target_1",65,65517
"target_1",66,3
"target_1",67,65521
"target_1",68,27
"target_1",69,65525
"target_1",70,23
"target_1",71,65529
"target_1",72,19
"target_1",73,65533
"target_1",74,15
"target_1",75,65509
"target_1",76,65524
"target_1",77,7
"target_1",78,65517
"target_1",79,3
"target_1",80,65521
"target_1",81,27
"target_1",82,65525
"target_1",83,23
"target_1",84,65529
"target_1",85,65536
"target_1",86,16
"target_1",87,15
"target_1",88,65536
"target_1",89,65536
"target_1",90,65485
"target_1",91,3
"target_1",92,65521
"target_1",93,27
"target_1",94,65525
"target_1",95,23
"target_1",96,65529
"target_1",97,19
"target_1",98,65533
"target_1",99,15
"target_1",100,65509
"target_1",101,11
"target_1",102,65513
"target_1",103,7
"target_1",104,65517
"target_1",105,3
"target_1",106,65536
"target_1",107,12
"target_1",108,65525
"target_1",109,65536
"target_1",110,16
"target_1",111,19
"target_1",112,65533
"target_1",113,65524
"target_1",114,11
"target_1",115,65513
"target_1",116,7
"target_1",117,65517
"target_1",118,3
"target_1",119,65521
"target_1",120,27
"target_1",121,65525
"target_1",122,65536
"target_1",123,16
"target_1",124,65536
"target_1",125,16
"target_1",126,65524
"target_1",127,65524
"target_1",128,65524
"target_1",129,65524
"target_1",130,65536
"target_1",131,16
"target_1",132,65536
"target_1",133,65536
"target_1",134,32
"target_1",135,15
"target_1",136,65509
"target_1",137,65524
"target_1",138,65524
"target_1",139,65524
"target_1",140,27
"target_1",141,65525
"target_1",142,65536
"target_1",143,16
"target_1",144,19
"target_1",145,65533
"target_1",146,15
"target_1",147,65248
"target_1",148,261
"target_1",149,11
"target_1",150,65513
"target_1",151,7
"target_1",152,65517
"target_1",153,3
"target_1",154,65521
"target_1",155,27
"target_1",156,65525
"target_1",157,65536
"target_1",158,16
"target_1",159,65536
"target_1",160,65536
"target_1",161,65536
"target_1",162,65516
"target_1",163,65524
"target_1",164,65536
"target_1",165,16
"target_1",166,65536
"target_1",167,65536
"target_1",168,32
"target_1",169,65524
"target_1",170,65524
"target_1",171,65524
"target_1",172,65524
"target_1",173,27
"target_1",174,65525
"target_1",175,23
"target_1",176,65248
"target_1",177,281
"target_1",178,19
"target_1",179,65533
"target_1",180,15
"target_1",181,65509
"target_1",182,11
"target_1",183,65513
"target_1",184,7
"target_1",185,65517
"target_1",186,3
"target_1",187,65521
"target_1",188,27
"target_1",189,65525
"target_1",190,23
"target_1",191,65529
"target_1",192,19
"target_1",193,65533
"target_1",194,15
"target_1",195,65509
"target_1",196,11
"target_1",197,65513
"target_1",198,7
"target_1",199,65517
"target_1",200,3
"target_1",201,65521
"target_1",202,65536
"target_1",203,16
"target_1",204,65536
"target_1",205,16
"target_1",206,65536
"target_1",207,16
"target_1",208,65524
"target_1",209,65536
"target_1",210,65512
"target_1",211,65536
"target_1",212,65536
"target_1",213,65536
"target_1",214,65536
"target_1",215,36
"target_1",216,65524
"target_1",217,65536
"target_1",218,65515
"target_1",219,65521
"target_1",220,65536
"target_1",221,65536
"target_1",222,16344
"target_1",223,65536
"target_1",224,49228
"target_1",225,65524
"target_1",226,65524
"target_1",227,65524
"target_1",228,65536
"target_1",229,16
"target_1",230,65536
"target_1",231,65536
"target_1",232,32
"target_1",233,65524
"target_1",234,65524
"target_1",235,65524
"target_1",236,65524
"target_1",237,27
"target_1",238,65525
"target_1",239,65536
"target_1",240,65536
"target_1",241,65536
"target_1",242,20
"target_1",243,65536
"target_1",244,65512
"target_1",245,65536
"target_1",246,65536
"target_1",247,65536
"target_1",248,65536
"target_1",249,36
"target_1",250,65536
"target_1",251,65512
"target_1",252,65536
"target_1",253,65512
"target_1",254,65536
"target_1",255,65536
"target_1",256,65536
"target_1",258,65536
"target_1",257,65536
"target_1",259,65536
"target_1",260,65536
"target_1",261,65536
"target_1",262,65536
"target_1",263,65536
"target_1",264,65536
"target_1",265,65536
"target_1",266,65536
"target_1",267,65536
"target_1",268,65536
"target_1",269,65536
"target_1",270,65536
"target_1",271,65536
"target_1",272,65536
"target_1",273,65536
"target_1",274,65536
"target_1",275,65536
"target_1",276,65536
"target_1",277,32
"target_1",278,65536
"target_1",279,65536
"target_1",280,65536
"target_1",281,65536
"target_1",282,65536
"target_1",283,65536
"target_1",284,65536
"target_1",285,65536
"target_1",286,65536
"target_1",287,4
"target_1",288,65536
"target_1",289,65536
"target_1",290,65536
"target_1",291,65516
"target_1",292,65536
"target_1",293,65536
"target_1",294,65536
"target_1",295,65536
"target_1",296,65536
"target_1",297,65536
"target_1",298,65536
"target_1",299,65536
"target_1",300,36128
